query,rank,openalex_id,display_name,works_count,cited_by_count,orcid,last_known_institution,top_concepts,sample_titles
Alexis de Tocqueville,1,https://openalex.org/A5090954231,Alexis Charles Henri Maurice Clérel de Tocqueville,81,7943,NA,Orient & Méditerranée,Political Theory and Influence; Political Science and International Relations; Social Sciences,Democracy in America | The old régime and the French Revolution | Democracy in America : and two essays on America
Alexis de Tocqueville,2,https://openalex.org/A5040356715,Alexis de Tocqueville,153,1410,NA,NA,Political Theory and Influence; Political Science and International Relations; Social Sciences,Democracy in America. | La democracia en América | Journeys to England and Ireland
Alexis de Tocqueville,3,https://openalex.org/A5103472612,Bruce R. Hopkins,538,318,NA,ZRT Laboratory,Nonprofit Sector and Volunteering; Sociology and Political Science; Social Sciences,Bluetooth for Java | The Law of Tax‐Exempt Organizations | Design analysis of shafts and beams
Alexis de Tocqueville,4,https://openalex.org/A5097717951,Alexis de Tocqueville,1,1,NA,NA,Spanish History and Politics; History; Arts and Humanities,NA
Alexis de Tocqueville,5,https://openalex.org/A5129616918,Alexis de Tocqueville,26,0,NA,NA,NA,Pages de début | Pages de début | Introduction
Alexis de Tocqueville,6,https://openalex.org/A5104756934,Alexis de Tocqueville,1,0,NA,NA,NA,NA
Alexis de Tocqueville,7,https://openalex.org/A5104809460,Alexis de Tocqueville,1,0,NA,NA,NA,NA
Alexis de Tocqueville,8,https://openalex.org/A5082206352,Alexis de Tocqueville,1,0,NA,NA,Political Economy and Marxism; Sociology and Political Science; Social Sciences,NA
Alexis de Tocqueville,9,https://openalex.org/A5104709107,Alexis de Tocqueville,1,0,NA,NA,NA,NA
Alexis de Tocqueville,10,https://openalex.org/A5104732134,Alexis de Tocqueville,2,0,NA,NA,NA,NA
Alexis de Tocqueville,11,https://openalex.org/A5104835031,Alexis de Tocqueville,1,0,NA,NA,NA,NA
Alexis de Tocqueville,12,https://openalex.org/A5107685840,Alexis de Tocqueville,1,0,NA,NA,"Education, sociology, and vocational training; Sociology and Political Science; Social Sciences",NA
Alexis de Tocqueville,13,https://openalex.org/A5107001813,Alexis de Tocqueville,4,0,NA,NA,French Urban and Social Studies; Sociology and Political Science; Social Sciences,Les grands discours parlementaires | D’une abolition l’autre | D’une abolition l’autre
Alexis de Tocqueville,14,https://openalex.org/A5100105952,Alexis de Tocqueville,1,0,NA,NA,"Health, Medicine and Society; General Health Professions; Health Professions",NA
Alexis de Tocqueville,15,https://openalex.org/A5136057917,"Tocqueville, Alexis de, 1805-1859",1,0,NA,NA,Multidisciplinary Research Papers Compilation; General Social Sciences; Social Sciences,NA
Alexis de Tocqueville,16,https://openalex.org/A5124602288,Alexis de (1805-1859). Auteur du texte Tocqueville,1,0,NA,NA,NA,NA
Anthony Giddens,1,https://openalex.org/A5034980949,Anthony Giddens,464,121392,NA,University of Cambridge,Political Economy and Marxism; Sociology and Political Science; Social Sciences,The Constitution of Society. Outline of the Theory of Structuration | Modernity and Self-Identity: Self and Society in the Late Modern Age | The Constitution of Society.
Anthony Giddens,2,https://openalex.org/A5034943968,anthony giddens,1,17,NA,NA,Public Policy and Governance; Political Science and International Relations; Social Sciences,NA
Anthony Giddens,3,https://openalex.org/A5110912107,Ivan Szelenyi,3,2,NA,University of Missouri–St. Louis,"Diverse Scientific and Economic Studies; Economics and Econometrics; Economics, Econometrics and Finance",Gestion régionale et classe sociale: Le cas de l'Europe de l'Est | CAN volume 29 issue 4 Cover and Back matter | PSR volume 90 issue 4 Cover and Back matter
Anthony Giddens,4,https://openalex.org/A5125021141,Anthony Giddens,1,0,NA,NA,Historical Turkish Studies; Political Science and International Relations; Social Sciences,NA
Anthony Giddens,5,https://openalex.org/A5120558808,Anthony Giddens,1,0,NA,NA,Cultural and Sociopolitical Studies; Museology; Arts and Humanities,NA
Anthony Giddens,6,https://openalex.org/A5123943777,Anthony Giddens,1,0,NA,NA,NA,NA
Anthony Giddens,7,https://openalex.org/A5129914490,Anthony Giddens,1,0,NA,NA,NA,NA
Anthony Giddens,8,https://openalex.org/A5129484108,Anthony Giddens,1,0,NA,NA,NA,NA
C. Wright Mills,1,https://openalex.org/A5072081765,Charles W. Mills,262,33733,https://orcid.org/0000-0002-3867-1550,NA,Political Philosophy and Ethics; Political Science and International Relations; Social Sciences,The Sociological Imagination | From Max Weber: Essays in Sociology | The Power Elite
C. Wright Mills,2,https://openalex.org/A5109273775,C. Wright Mills,19,3105,NA,NA,Educational Leadership and Practices; Education; Social Sciences,Situated Actions and Vocabularies of Motive | Man and Society in an Age of Reconstruction. | On intellectual craftsmanship (1952)
C. Wright Mills,3,https://openalex.org/A5073889316,Colin Mills,114,5021,https://orcid.org/0000-0002-4149-0961,Queensland University of Technology,Social Policy and Reform Studies; Political Science and International Relations; Social Sciences,The Theory of Social and Economic Organization | British Social Attitudes the 11th Report | The sociological imagination
C. Wright Mills,4,https://openalex.org/A5061236812,C. Wright Mills,6,683,NA,NA,Contemporary Sociological Theory and Practice; Sociology and Political Science; Social Sciences,The Social Life of a Modern Community. | The Man in the Middle | The Conservation of Archaic Traits
C. Wright Mills,5,https://openalex.org/A5035592377,Christine Mills,7,1186,NA,NA,Nursing education and management; Research and Theory; Nursing,The Sociological Imagination | Incremental Effect of Academic Predictors on Nursing Admission Assessment | Professional People in England
C. Wright Mills,6,https://openalex.org/A5006648628,Clifford K. Ho,575,9463,https://orcid.org/0000-0002-2994-9450,Sandia National Laboratories California,"Solar Thermal and Photovoltaic Systems; Renewable Energy, Sustainability and the Environment; Energy",Concentrating Solar Power Gen3 Demonstration Roadmap | Review of high-temperature central receiver designs for concentrating solar power | A review of high-temperature particle receivers for concentrating solar power
C. Wright Mills,7,https://openalex.org/A5111069432,C Wright Mills,21,139,NA,NA,Political Economy and Marxism; Sociology and Political Science; Social Sciences,White Collar | La contribucion de la sociologia a los estudios de relaciones industriales | The Managerial Demiurge
C. Wright Mills,8,https://openalex.org/A5030794924,C. Wright Mills,10,112,NA,NA,Social Policy and Reform Studies; Political Science and International Relations; Social Sciences,Soziologische Phantasie | Going with the grain: organising for a purpose | Expanding the Role of Cooperative and Mutual Enterprises in Delivering Public Services: Disrupting the status quo
C. Wright Mills,9,https://openalex.org/A5054999037,C. Wright Mills,9,101,NA,Des Moines University,"Recreation, Leisure, Wilderness Management; Social Psychology; Psychology",The Academic Man. | Conspicuous Consumption | Conspicuous Leisure
C. Wright Mills,10,https://openalex.org/A5018144022,C. Wright Mills,7,91,NA,NA,Contemporary Sociological Theory and Practice; Sociology and Political Science; Social Sciences,The Structure of Power in American Society | Images of Man: The Classic Tradition in Sociological Thinking | La imaginació sociològica
C. Wright Mills,11,https://openalex.org/A5110627935,Caroline Mills,9,56,NA,Great Ormond Street Hospital,Bone Tumor Diagnosis and Treatments; Rheumatology; Medicine,Images of Man. | Rebound hypercalcaemia timing is associated with cumulative weight-based denosumab dose for central giant cell granuloma treatment in children despite a dose weaning regimen | Inventory of Marx’s Ideas
C. Wright Mills,12,https://openalex.org/A5057336461,C. Wright Mills,8,9,NA,NA,German Social Sciences and History; Sociology and Political Science; Social Sciences,SOBRE ARTESANÍA INTELECUAL | CLASSIFICATION OF JOBS INTO LEVELS OF WORK: FOUR RELIABILITY STUDIES | Modern Survivals of Prowess
C. Wright Mills,13,https://openalex.org/A5039166814,C. Wright Mills,4,7,NA,NA,Sociology and Education Studies; Sociology and Political Science; Social Sciences,War and peace in Sri Lanka | Die Vielfalt menschlicher Lebensformen | The Power Elite
C. Wright Mills,14,https://openalex.org/A5037139023,C. Wright Mills,2,7,NA,NA,Gender Politics and Representation; Gender Studies; Social Sciences,NA
C. Wright Mills,15,https://openalex.org/A5098013365,C. Wright Mills,1,7,NA,NA,Social and Cultural Dynamics; Sociology and Political Science; Social Sciences,NA
C. Wright Mills,16,https://openalex.org/A5119611550,C. Wright Mills,1,6,NA,NA,Political Economy and Marxism; Sociology and Political Science; Social Sciences,NA
C. Wright Mills,17,https://openalex.org/A5054500311,C. Wright Mills Award,1,4,NA,NA,NA,NA
C. Wright Mills,18,https://openalex.org/A5049282746,Chuck Mills,3,36,NA,NA,"Quality and Supply Management; Management Information Systems; Business, Management and Accounting",Leaning Into Six Sigma: A Parable of the Journey to Six Sigma and a Lean Enterprise | Six Sigma fácil: un apasionante viaje por Six Sigma y la empresa esbelta | Sobre artesanía intelectual
C. Wright Mills,19,https://openalex.org/A5077567739,Mills C Wright,1,2,NA,NA,Labor Movements and Unions; Public Administration; Social Sciences,NA
C. Wright Mills,20,https://openalex.org/A5120250542,C. Wright Mills,1,0,NA,NA,Social Work Education and Practice; Public Administration; Social Sciences,NA
C. Wright Mills,21,https://openalex.org/A5099728560,C. Wright Mills,1,0,NA,NA,Political Economy and Marxism; Sociology and Political Science; Social Sciences,NA
C. Wright Mills,22,https://openalex.org/A5043736036,Wright C. Mills,1,0,NA,NA,Political Economy and Marxism; Sociology and Political Science; Social Sciences,NA
Dorothy E. Smith,1,https://openalex.org/A5109239571,Dorothy E. Smith,140,17364,NA,NA,Contemporary Sociological Theory and Practice; Sociology and Political Science; Social Sciences,Ghostly Matters: Haunting and the Sociological Imagination | The Everyday World as Problematic: A Feminist Sociology. | Writing the Social
Dorothy E. Smith,2,https://openalex.org/A5044047186,Eve Smith,131,1901,https://orcid.org/0000-0002-8371-7597,University of Glasgow,Systemic Lupus Erythematosus Research; Rheumatology; Medicine,"Juvenile-onset systemic lupus erythematosus: Update on clinical presentation, pathophysiology and treatment options | Systemic Lupus Erythematosus in Children and Young People | Clinical and laboratory characteristics in juvenile-onset systemic lupus"
Dorothy E. Smith,3,https://openalex.org/A5099744955,Dorothy E. Smith,3,3,NA,NA,Gender Politics and Representation; Gender Studies; Social Sciences,9. 'Politically Correct': An Organizer of Public Discourse | 5. The Ruling Relations | Notes
Dorothy E. Smith,4,https://openalex.org/A5128524949,Dorothy E. Smith,6,0,NA,NA,Reading and Literacy Development; Developmental and Educational Psychology; Psychology,Round Robin | Round Robin | Reading Readiness
Dorothy E. Smith,5,https://openalex.org/A5130029775,Dorothy E. Smith,7,0,NA,NA,Teacher Education and Leadership Studies; Education; Social Sciences,Round Robin | Round Robin | Round Robin
Dorothy E. Smith,6,https://openalex.org/A5104763983,Dorothy E. Smith,1,0,NA,NA,NA,NA
Dorothy E. Smith,7,https://openalex.org/A5101172022,Dorothy E. Smith,2,0,NA,NA,"Names, Identity, and Discrimination Research; Sociology and Political Science; Social Sciences",NA
Dorothy E. Smith,8,https://openalex.org/A5104916291,Dorothy E. Smith,1,0,NA,NA,NA,NA
Dorothy E. Smith,9,https://openalex.org/A5100213684,Dorothy E. Smith,1,0,NA,NA,Contemporary Sociological Theory and Practice; Sociology and Political Science; Social Sciences,NA
Dorothy E. Smith,10,https://openalex.org/A5109555502,Dorothy E. Smith,1,0,NA,NA,NA,NA
Emile Durkheim,1,https://openalex.org/A5082331920,Émile Durkheim,629,64002,NA,NA,Emile Durkheim and Sociology; Sociology and Political Science; Social Sciences,THE ELEMENTARY FORMS OF RELIGIOUS LIFE | The division of labor in society | The Rules of Sociological Method
Emile Durkheim,2,https://openalex.org/A5044791212,Gottfried Wilhelm Leibniz,566,9624,NA,NA,Historical Philosophy and Science; History and Philosophy of Science; Arts and Humanities,"Theodicy : essays on the goodness of God, the freedom of man, and the origin of evil | Philosophical Papers and Letters | New Essays on Human Understanding."
Emile Durkheim,3,https://openalex.org/A5075758234,Emile Durkheim,3,1172,NA,NA,Educational theories and practices; Education; Social Sciences,Las formas elementales de la vida religiosa | Las reglas del método sociológico | Notas sobre la teoría del conocimiento de
Emile Durkheim,4,https://openalex.org/A5097132385,Emile Durkheim,1,595,NA,NA,Social Sciences and Governance; Urban Studies; Social Sciences,NA
Emile Durkheim,5,https://openalex.org/A5097590950,Emile Durkheim,1,130,NA,NA,Emile Durkheim and Sociology; Sociology and Political Science; Social Sciences,NA
Emile Durkheim,6,https://openalex.org/A5018441140,Kate Dyson,13,143,NA,Hawke's Bay Hospital,Dental Health and Care Utilization; Periodontics; Dentistry,"An innovation in Australian dental education: rural, remote and Indigenous pre-graduation placements | Oral health of pre-school children in rural and remote Western Australia | Networked remote area dental services: A viable, sustainable approach to"
Emile Durkheim,7,https://openalex.org/A5097385973,Émile Durkheim,1,68,NA,NA,"Agriculture and Rural Development Research; Ecology, Evolution, Behavior and Systematics; Agricultural and Biological Sciences",NA
Emile Durkheim,8,https://openalex.org/A5097425076,Émile Durkheim,1,32,NA,NA,French Urban and Social Studies; Sociology and Political Science; Social Sciences,NA
Emile Durkheim,9,https://openalex.org/A5098219233,Emile Durkheim,1,7,NA,NA,Religion and Society Interactions; Sociology and Political Science; Social Sciences,NA
Emile Durkheim,10,https://openalex.org/A5057341262,Durkheim Emile,2,20,NA,NA,European Political History Analysis; History; Arts and Humanities,NA
Emile Durkheim,11,https://openalex.org/A5090725330,Durkheim Émile,1,14,NA,NA,European Political History Analysis; History; Arts and Humanities,NA
Emile Durkheim,12,https://openalex.org/A5030585131,Émile . Auteur du texte Durkheim,2,11,NA,NA,French Urban and Social Studies; Sociology and Political Science; Social Sciences,NA
Emile Durkheim,13,https://openalex.org/A5029689727,Emile DURKHEİM,1,0,NA,NA,Historical Turkish Studies; Political Science and International Relations; Social Sciences,NA
Emile Durkheim,14,https://openalex.org/A5099559361,Emile Durkheim,1,0,NA,NA,Gastric Cancer Management and Outcomes; Pulmonary and Respiratory Medicine; Medicine,NA
Emile Durkheim,15,https://openalex.org/A5022132262,Emile DURKHEİM,1,0,NA,NA,Linguistics and Cultural Studies; Language and Linguistics; Arts and Humanities,NA
Emile Durkheim,16,https://openalex.org/A5025136948,Emile DURKHEİM,1,0,NA,NA,Historical Turkish Studies; Political Science and International Relations; Social Sciences,NA
Emile Durkheim,17,https://openalex.org/A5012954112,Emile DURKHEİM,1,0,NA,NA,Turkish Literature and Culture; Literature and Literary Theory; Arts and Humanities,NA
Emile Durkheim,18,https://openalex.org/A5060454351,Emile DURKHEİM,1,0,NA,NA,Historical Turkish Studies; Political Science and International Relations; Social Sciences,NA
Emile Durkheim,19,https://openalex.org/A5098557257,Emile Durkheim,1,0,NA,NA,Contemporary Sociological Theory and Practice; Sociology and Political Science; Social Sciences,NA
Emile Durkheim,20,https://openalex.org/A5126734628,Emile Durkheim,2,0,NA,NA,Emile Durkheim and Sociology; Sociology and Political Science; Social Sciences,NA
Emile Durkheim,21,https://openalex.org/A5002151958,Knowledge Emile Durkheim,1,0,NA,NA,Religion and Society Interactions; Sociology and Political Science; Social Sciences,NA
Emile Durkheim,22,https://openalex.org/A5002953872,Emile Durkheim Marx,1,0,NA,NA,History of Science and Medicine; History and Philosophy of Science; Arts and Humanities,NA
Emile Durkheim,23,https://openalex.org/A5038223735,ÉMILE DURKHEIM,1,0,NA,NA,Suicide and Self-Harm Studies; Clinical Psychology; Psychology,NA
Emile Durkheim,24,https://openalex.org/A5047426292,A. Herbert Spencer B. Emile Durkheim C. Max Weber,2,0,NA,NA,Contemporary Sociological Theory and Practice; Sociology and Political Science; Social Sciences,NA
Emile Durkheim,25,https://openalex.org/A5041693225,Auguste Comte Comte and Saint-Simon Herbert Spencer Emile Durkheim,1,0,NA,NA,"Weber, Simmel, Sociological Theory; Sociology and Political Science; Social Sciences",NA
Erving Goffman,1,https://openalex.org/A5057584685,Erving Goffman,192,133034,NA,NA,"Language, Discourse, Communication Strategies; Language and Linguistics; Arts and Humanities",The Presentation of Self in Everyday Life. | The Presentation of Self in Everyday Life | Stigma: Notes on the Management of Spoiled Identity.
Erving Goffman,2,https://openalex.org/A5022919038,Erving Goffman Moreno,4,1756,NA,NA,Social Sciences and Policies; General Social Sciences; Social Sciences,Estigma: La identidad deteriorada | La presentación de la persona en la vida cotidiana | Frame analysis: los marcos de la experiencia
Erving Goffman,3,https://openalex.org/A5000367366,ERVING GOFFMAN,1,954,NA,NA,NA,NA
Erving Goffman,4,https://openalex.org/A5079518822,ERVING GOFFMAN,1,444,NA,NA,NA,NA
Erving Goffman,5,https://openalex.org/A5107509847,Erving Goffman,1,2,NA,NA,Historical Gender and Feminism Studies; Sociology and Political Science; Social Sciences,NA
Erving Goffman,6,https://openalex.org/A5033881339,Erving Goffman,2,1,NA,NA,Photography and Visual Culture; History; Arts and Humanities,NA
Erving Goffman,7,https://openalex.org/A5097188645,Erving Goffman,1,1,NA,NA,Historical Gender and Feminism Studies; Sociology and Political Science; Social Sciences,NA
Erving Goffman,8,https://openalex.org/A5131159470,Erving Goffman,1,0,NA,NA,Urban and spatial planning; Nature and Landscape Conservation; Environmental Science,NA
Erving Goffman,9,https://openalex.org/A5115972012,Erving Goffman,1,0,NA,NA,Theatre and Performance Studies; Visual Arts and Performing Arts; Arts and Humanities,NA
Erving Goffman,10,https://openalex.org/A5041456502,ERVING GOFFMAN,1,0,NA,NA,Advertising and Communication Studies; Communication; Social Sciences,NA
Erving Goffman,11,https://openalex.org/A5089606924,Goffman Erving,1,0,NA,NA,Phonetics and Phonology Research; Experimental and Cognitive Psychology; Psychology,NA
Erving Goffman,12,https://openalex.org/A5119355967,Goffman Erving,1,0,NA,NA,Structural Analysis of Composite Materials; Mechanical Engineering; Engineering,NA
Georg Simmel,1,https://openalex.org/A5066768090,Georg Simmel,343,19382,NA,Defense Information Systems Agency,"Weber, Simmel, Sociological Theory; Sociology and Political Science; Social Sciences",Conflict and the Web of Group-Affiliations | On individuality and social forms | The Philosophy of Money
Georg Simmel,2,https://openalex.org/A5084333601,Georg Simmel,7,387,NA,NA,Classical Philosophy and Thought; Philosophy; Arts and Humanities,"Essays on sociology, philosophy, and aesthetics | The problems of the philosophy of history : an epistemological essay | The problems of the philosophy of history"
Georg Simmel,3,https://openalex.org/A5033948820,Georg Simmel,2,248,NA,NA,"Regional Economics and Spatial Analysis; Economics and Econometrics; Economics, Econometrics and Finance",NA
Georg Simmel,4,https://openalex.org/A5096980005,Georg Simmel,1,41,NA,NA,Philosophy and Historical Thought; Philosophy; Arts and Humanities,NA
Georg Simmel,5,https://openalex.org/A5098317383,Georg Simmel,1,9,NA,NA,Philosophical Thought and Analysis; General Social Sciences; Social Sciences,NA
Georg Simmel,6,https://openalex.org/A5097461115,Georg Simmel,1,7,NA,NA,"Education, sociology, and vocational training; Sociology and Political Science; Social Sciences",NA
Georg Simmel,7,https://openalex.org/A5099317349,Georg Simmel,4,7,NA,NA,German Social Sciences and History; Sociology and Political Science; Social Sciences,3. Die Geselligkeit (Beispiel der Reinen oder Formalen Soziologie) | 4. Individuum und Gesellschaft in Lebensanschauungen des 18. und 19. Jahrhunderts (Beispiel der Philosophischen Soziologie) | Frontmatter
Georg Simmel,8,https://openalex.org/A5099397067,Georg Simmel,3,3,NA,NA,Sociology and Education Studies; Sociology and Political Science; Social Sciences,1. Das Gebiet der Soziologie | Backmatter | 2. Das soziale und das individuelle Niveau (Beispiel der Allgemeinen Soziologie)
Georg Simmel,9,https://openalex.org/A5065091178,Georg Free Simmel,1,3,NA,NA,Critical Theory and Philosophy; Sociology and Political Science; Social Sciences,NA
Georg Simmel,10,https://openalex.org/A5012004187,Georg . Auteur du texte Simmel,1,1,NA,NA,Psychoanalysis and Psychopathology Research; Clinical Psychology; Psychology,NA
Georg Simmel,11,https://openalex.org/A5122115229,Georg Simmel,1,0,NA,NA,Place Attachment and Urban Studies; Sociology and Political Science; Social Sciences,NA
Georg Simmel,12,https://openalex.org/A5132059983,Georg Simmel,1,0,NA,NA,Contemporary Sociological Theory and Practice; Sociology and Political Science; Social Sciences,NA
Georg Simmel,13,https://openalex.org/A5129482081,Georg Simmel,1,0,NA,NA,NA,NA
Georg Simmel,14,https://openalex.org/A5099225355,Georg Simmel,1,0,NA,NA,Historical and Literary Analyses; Literature and Literary Theory; Arts and Humanities,NA
Georg Simmel,15,https://openalex.org/A5093864231,Georg Simmel,1,0,NA,NA,Fashion and Cultural Textiles; Museology; Arts and Humanities,NA
Georg Simmel,16,https://openalex.org/A5099874309,Georg Simmel,1,0,NA,NA,German Literature and Culture Studies; Literature and Literary Theory; Arts and Humanities,NA
Georg Simmel,17,https://openalex.org/A5094704684,Georg Simmel,1,0,NA,NA,NA,NA
Georg Simmel,18,https://openalex.org/A5099192494,Georg Simmel,1,0,NA,NA,NA,NA
Georg Simmel,19,https://openalex.org/A5044751649,Georg. Simmel,1,0,NA,NA,Psychological Treatments and Disorders; Clinical Psychology; Psychology,NA
Georg Simmel,20,https://openalex.org/A5136532228,Georg Simmel,1,0,NA,NA,"Weber, Simmel, Sociological Theory; Sociology and Political Science; Social Sciences",NA
Georg Simmel,21,https://openalex.org/A5118991829,Georg Simmel,5,0,NA,NA,"Weber, Simmel, Sociological Theory; Sociology and Political Science; Social Sciences",Lettre de Simmel à Max et Marianne Weber (1918) | Simmel par lui-même (1916) | L’individualisme de l’époque moderne (1910)
Georg Simmel,22,https://openalex.org/A5104720074,Georg Simmel,3,0,NA,NA,Archaeological and Historical Studies; Archeology; Arts and Humanities,CAPÍTULO PRIMERO DE LA ESENCIA DE LA FILOSOFÍA | CAPÍTULO III DEL SUJETO Y DEL OBJETO | CAPÍTULO IV DE LOS POSTULADOS IDEALES
Georg Simmel,23,https://openalex.org/A5095841266,Georg Simmel,1,0,NA,NA,German Social Sciences and History; Sociology and Political Science; Social Sciences,NA
Georg Simmel,24,https://openalex.org/A5098650720,Georg Simmel,1,0,NA,NA,Mathematical and Theoretical Analysis; Mathematical Physics; Mathematics,NA
Georg Simmel,25,https://openalex.org/A5094950847,Georg Simmel,1,0,NA,NA,Geological Formations and Processes Exploration; Geophysics; Earth and Planetary Sciences,NA
George C. Homans,1,https://openalex.org/A5109903542,George C. Homans,228,22888,NA,NA,Sociology and Education Studies; Sociology and Political Science; Social Sciences,Social Behavior as Exchange | Social Behavior: Its Elementary Forms | The human group
George C. Homans,2,https://openalex.org/A5046046780,Charles Jones,394,12731,https://orcid.org/0000-0001-5884-6760,NA,Linguistic Variation and Morphology; Linguistics and Language; Social Sciences,A Modeling Approach to Determining the Relationship Between Erosion and Soil Productivity | CERES-Maize: a simulation model of maize growth and development | The EPIC Crop Growth Model
George C. Homans,3,https://openalex.org/A5107870018,C. Jones,3,10,NA,Southern Health NHS Foundation Trust,Eating Disorders and Behaviors; Clinical Psychology; Psychology,Who benefits most from guided self-help for binge eating? An investigation into the clinical features of completers and non-completers | Renal action learning sets: a report on progress so far | CSS volume 3 issue 3 Cover and Back matter
George C. Homans,4,https://openalex.org/A5104061265,Charlfs Jones,2,0,NA,Norwich University,Healthcare Systems and Challenges; General Health Professions; Health Professions,NA
George Herbert Mead,1,https://openalex.org/A5111378233,George H. Mead,162,27415,NA,NA,Academic and Historical Perspectives in Psychology; General Psychology; Psychology,"Mind, Self, and Society | Mind, Self, and Society | Mind, Self, and Society from the Standpoint of a Social Behaviorist."
George Herbert Mead,2,https://openalex.org/A5060519976,George-Herbert Mead,2,14,NA,NA,Animal Nutrition and Physiology; Animal Science and Zoology; Agricultural and Biological Sciences,NA
George Herbert Mead,3,https://openalex.org/A5113448084,M. Nungarrayi Herbert,4,4,NA,Centre National de la Recherche Scientifique,"Conservation, Biodiversity, and Resource Management; Global and Planetary Change; Environmental Science",Stand und Perspektiven der Landschaftsplanung in Deutschland: V. Landschaftsplanung vor neuen Herausforderungen / Status and perspectives of landscape planning in Germany: V. New challenges in landscape planning | Sélectionner un entrepôt thématique 
George Herbert Mead,4,https://openalex.org/A5097496872,George Herbert Mead,1,0,NA,NA,French Historical and Cultural Studies; History; Arts and Humanities,NA
Immanuel Wallerstein,1,https://openalex.org/A5033277158,Immanuel Wallerstein,863,32876,NA,NA,World Systems and Global Transformations; Political Science and International Relations; Social Sciences,The Modern World-System: Capitalist Agriculture and the Origins of the European World-Economy in the Sixteenth Century. | The modern world system | The Modern World-System I: Capitalist Agriculture and the Origins of the European World-Economy in the
Immanuel Wallerstein,2,https://openalex.org/A5013773429,Aristide R. Zolberg,154,11568,NA,NA,Migration and Labor Dynamics; Sociology and Political Science; Social Sciences,Political Order in Changing Societies. | Why Islam is like Spanish: Cultural Incorporation in Europe and the United States | A Nation by Design
Immanuel Wallerstein,3,https://openalex.org/A5019566902,Immanuel Wallerstein,4,1874,NA,NA,World Systems and Global Transformations; Political Science and International Relations; Social Sciences,World-Systems Analysis | Geopolitics and Geoculture: Essays on the Changing World-System | The Three Instances of Hegemony in the History of the Capitalist World-Economy
Immanuel Wallerstein,4,https://openalex.org/A5119641598,Immanuel Wallerstein,4,115,NA,NA,World Systems and Global Transformations; Political Science and International Relations; Social Sciences,New Revolts Against the System | Questioning Eurocentricism: A Reply to Gregor McLennan | Structural Crises
Immanuel Wallerstein,5,https://openalex.org/A5022932970,Immanuel Wallerstein,2,89,NA,Yale University,Social Policy and Reform Studies; Political Science and International Relations; Social Sciences,NA
Immanuel Wallerstein,6,https://openalex.org/A5097111935,Immanuel Wallerstein,1,36,NA,NA,World Systems and Global Transformations; Political Science and International Relations; Social Sciences,NA
Immanuel Wallerstein,7,https://openalex.org/A5038603648,Immanuel WALLERSTEIN,6,13,NA,NA,Political and Social Issues; Political Science and International Relations; Social Sciences,"L’Occident, le capitalisme et le système-monde moderne | Le développement du concept de développement | La conscience ethnique en Asie soviétique"
Immanuel Wallerstein,8,https://openalex.org/A5098576040,Immanuel Wallerstein,1,9,NA,NA,"History, Culture, and Diplomacy; History; Arts and Humanities",NA
Immanuel Wallerstein,9,https://openalex.org/A5098404804,Immanuel Wallerstein,1,7,NA,Technical University of Darmstadt,Economic and Social Issues; Sociology and Political Science; Social Sciences,NA
Immanuel Wallerstein,10,https://openalex.org/A5070141185,Wallerstein Immanuel,1,18,NA,NA,Regional Development and Innovation; Development; Social Sciences,NA
Immanuel Wallerstein,11,https://openalex.org/A5017753172,Immanuel Wallerstein,6,3,NA,Springer Nature (Germany),Political and Economic history of UK and US; Political Science and International Relations; Social Sciences,"Questioning Nineteenth-Century Assumptions about Knowledge, I: Determinism | Comment on <i>The economic consequences of empires (1492–1989)</i> | Periphery"
Immanuel Wallerstein,12,https://openalex.org/A5107496283,Immanuel Wallerstein,1,2,NA,NA,International Relations and Foreign Policy; Political Science and International Relations; Social Sciences,NA
Immanuel Wallerstein,13,https://openalex.org/A5105614625,Immanuel Wallerstein,1,2,NA,NA,Public Policy and Governance; Political Science and International Relations; Social Sciences,NA
Immanuel Wallerstein,14,https://openalex.org/A5097966963,Immanuel Wallerstein,1,1,NA,NA,"Agriculture and Rural Development Research; Ecology, Evolution, Behavior and Systematics; Agricultural and Biological Sciences",NA
Immanuel Wallerstein,15,https://openalex.org/A5097418970,Immanuel Wallerstein,1,1,NA,NA,Contemporary Sociological Theory and Practice; Sociology and Political Science; Social Sciences,NA
Immanuel Wallerstein,16,https://openalex.org/A5099584971,Immanuel Wallerstein,1,1,NA,NA,"Economic Theory and Institutions; Economics and Econometrics; Economics, Econometrics and Finance",NA
Immanuel Wallerstein,17,https://openalex.org/A5098231714,Immanuel Maurice Wallerstein,1,1,NA,NA,French Urban and Social Studies; Sociology and Political Science; Social Sciences,NA
Immanuel Wallerstein,18,https://openalex.org/A5097317889,Immanuel Wallerstein,1,0,NA,NA,"Complex Systems and Time Series Analysis; Economics and Econometrics; Economics, Econometrics and Finance",NA
Immanuel Wallerstein,19,https://openalex.org/A5099207630,Immanuel Wallerstein,1,0,NA,NA,Hong Kong and Taiwan Politics; Sociology and Political Science; Social Sciences,NA
Immanuel Wallerstein,20,https://openalex.org/A5100127884,Immanuel Wallerstein,1,0,NA,NA,"Diverse Scientific and Economic Studies; Economics and Econometrics; Economics, Econometrics and Finance",NA
Immanuel Wallerstein,21,https://openalex.org/A5114548685,Immanuel Wallerstein,1,0,NA,NA,French Urban and Social Studies; Sociology and Political Science; Social Sciences,NA
Immanuel Wallerstein,22,https://openalex.org/A5125276221,Immanuel Wallerstein,1,0,NA,NA,"Advanced Frequency and Time Standards; Atomic and Molecular Physics, and Optics; Physics and Astronomy",NA
Immanuel Wallerstein,23,https://openalex.org/A5116072989,Immanuel Wallerstein,1,0,NA,NA,Globalization and Cultural Identity; Sociology and Political Science; Social Sciences,NA
Immanuel Wallerstein,24,https://openalex.org/A5008015983,Immanuel Wallerstein,1,0,NA,Institutions et Dynamiques Historiques de l'Économie et de la Société,French Urban and Social Studies; Sociology and Political Science; Social Sciences,NA
Immanuel Wallerstein,25,https://openalex.org/A5117830035,Wallerstein Immanuel,1,0,NA,NA,World Systems and Global Transformations; Political Science and International Relations; Social Sciences,NA
James S. Coleman,1,https://openalex.org/A5104047850,James S. Coleman,546,73209,NA,NA,Education Systems and Policy; Education; Social Sciences,Social Capital in the Creation of Human Capital | EQUALITY OF EDUCATIONAL OPPORTUNITY | Equality of Educational Opportunity.
James S. Coleman,2,https://openalex.org/A5113781342,James Samuel Coleman,27,3949,NA,Southern Methodist University,Education Systems and Policy; Education; Social Sciences,"Public and Private High Schools: The Impact of Communities | High school achievement : public, Catholic, and private schools compared | Control of Collectivities and the Power of a Collectivity to Act"
James S. Coleman,3,https://openalex.org/A5045388885,S. J. Coleman,59,5924,https://orcid.org/0000-0002-4621-9169,RadiaSoft (United States),Neutrino Physics Research; Nuclear and High Energy Physics; Physics and Astronomy,Indication of Electron Neutrino Appearance from an Accelerator-Produced Off-Axis Muon Neutrino Beam | The T2K experiment | Observation of Electron Neutrino Appearance in a Muon Neutrino Beam
James S. Coleman,4,https://openalex.org/A5071035208,Ryan Davis,167,5014,https://orcid.org/0000-0002-8004-0349,SLAC National Accelerator Laboratory,"Algal biology and biofuel production; Renewable Energy, Sustainability and the Environment; Energy",Efficient isolation of genes by using antibody probes. | Process Design and Economics for the Conversion of Lignocellulosic Biomass to Hydrocarbons: Dilute-Acid and Enzymatic Deconstruction of Biomass to Sugars and Biological Conversion of Sugars to 
James S. Coleman,5,https://openalex.org/A5039009294,James S. Coleman Battista,2,144,NA,University of North Texas,Electoral Systems and Political Participation; Political Science and International Relations; Social Sciences,NA
James S. Coleman,6,https://openalex.org/A5015000978,Steven J. Owen,135,3057,https://orcid.org/0000-0002-7922-0692,NA,Computational Geometry and Mesh Generation; Computer Graphics and Computer-Aided Design; Computer Science,A Survey of Unstructured Mesh Generation Technology. | Modeling of additive manufacturing processes for metals: Challenges and opportunities | H-Morph: an indirect approach to advancing front hex meshing
James S. Coleman,7,https://openalex.org/A5113446016,J. S. Hough,68,1717,NA,NA,Fermentation and Sensory Analysis; Food Science; Agricultural and Biological Sciences,Malting and Brewing Science | The biotechnology of malting and brewing | Proteolytic enzymes of <i>Saccharomyces carlsbergensis</i>
James S. Coleman,8,https://openalex.org/A5075725452,James Coleman,36,179,https://orcid.org/0009-0005-2276-409X,NA,Architecture and Computational Design; Architecture; Engineering,The Mathematics of Collective Action | Cardboard Machine Kit | Stress Line Additive Manufacturing (SLAM) for 2.5-D Shells
James S. Coleman,9,https://openalex.org/A5027679427,Robert S. Tye,62,1805,NA,Dallas Nephrology Associates,Hydrocarbon exploration and reservoir analysis; Mechanics of Materials; Engineering,"Interpreting the Dimensions of Ancient Fluvial Channel Bars, Channels, and Channel Belts from Wireline-Logs and Cores | A quantitative, three‐dimensional depositional model of gravelly braided rivers | Geological Factors Influencing Reservoir Perform"
James S. Coleman,10,https://openalex.org/A5044190801,James W. Coleman,69,528,https://orcid.org/0000-0002-8946-9133,NA,"Global Energy and Sustainability Research; Renewable Energy, Sustainability and the Environment; Energy",The Criminal Elite: The Sociology of White-Collar Crime. | Phylogeny of Agrodiaetus Hübner 1822 (Lepidoptera: Lycaenidae) Inferred from mtDNA Sequences of COI and COII and Nuclear Sequences of EF1-α: Karyotype Diversification and Species Radiation | 
James S. Coleman,11,https://openalex.org/A5113886163,Allen T. Christian,40,756,NA,John Tracy Clinic,"Genomic variations and chromosomal abnormalities; Genetics; Biochemistry, Genetics and Molecular Biology",Detection of DNA point mutations and mRNA expression levels by rolling circle amplification in individual cells | Convectively Driven Polymerase Chain Reaction Thermal Cycler | The Use of Next Generation Sequencing and Junction Sequence Analysis Bioi
James S. Coleman,12,https://openalex.org/A5088051179,Andrew E Hollowell,78,523,https://orcid.org/0000-0002-2933-1503,Sandia National Laboratories,3D IC and TSV technologies; Electrical and Electronic Engineering; Engineering,Angle-Insensitive Structural Colours based on Metallic Nanocavities and Coloured Pixels beyond the Diffraction Limit | Tutorial on forming through-silicon vias | Bottom-Up Copper Filling of Large Scale Through Silicon Vias for MEMS Technology
James S. Coleman,13,https://openalex.org/A5060915174,James S. Coleman Dixon,1,0,NA,NA,Earthquake and Disaster Impact Studies; Transportation; Social Sciences,NA
James S. Coleman,14,https://openalex.org/A5096339135,James S. Coleman African,1,0,NA,NA,South African History and Culture; Sociology and Political Science; Social Sciences,NA
James S. Coleman,15,https://openalex.org/A5110346787,James Smoot Coleman,3,0,NA,NA,Legal Cases and Commentary; Reproductive Medicine; Medicine,Index to Volume 16 of the Journal of Social History | Index | Index
James S. Coleman,16,https://openalex.org/A5118653491,Coleman James S.,1,0,NA,NA,Social Sciences and Policies; General Social Sciences; Social Sciences,NA
James S. Coleman,17,https://openalex.org/A5096896604,James M. Coleman Robert S. Tye,1,0,NA,NA,Geological formations and processes; Earth-Surface Processes; Earth and Planetary Sciences,NA
James S. Coleman,18,https://openalex.org/A5102155024,J. M. Coleman James P. Morgan,2,0,NA,NA,Hydrocarbon exploration and reservoir analysis; Mechanics of Materials; Engineering,NA
Jeffrey C. Alexander,1,https://openalex.org/A5058196351,Jeffrey C. Alexander,401,18976,https://orcid.org/0000-0003-3600-8023,Yale University,Contemporary Sociological Theory and Practice; Sociology and Political Science; Social Sciences,Cultural Pragmatics: Social Performance between Ritual and Strategy | Cultural Trauma and Collective Identity | Cultural Trauma and Collective Identity
Jeffrey C. Alexander,2,https://openalex.org/A5109209512,Jeffrey C. Alexander,41,3319,NA,University of Warsaw,Contemporary Sociological Theory and Practice; Sociology and Political Science; Social Sciences,The Civil Sphere | Theoretical Logic in Sociology | Durkheimian sociology: cultural studies
Jeffrey C. Alexander,3,https://openalex.org/A5083309623,Jeffrey C. Grossman,562,34412,https://orcid.org/0000-0003-1281-2359,Massachusetts Institute of Technology,Graphene research and applications; Materials Chemistry; Materials Science,Crystal Graph Convolutional Neural Networks for an Accurate and Interpretable Prediction of Material Properties | Water Desalination across Nanoporous Graphene | Extraordinary Sunlight Absorption and One Nanometer Thick Photovoltaics Using Two-Dimens
Jeffrey C. Alexander,4,https://openalex.org/A5108021865,A. Zabi,1207,68695,https://orcid.org/0000-0002-7214-0673,Centre National de la Recherche Scientifique,Particle physics theoretical and experimental studies; Nuclear and High Energy Physics; Physics and Astronomy,"The Phase-2 Upgrade of the CMS Level-1 Trigger | Triggering on electrons, jets and tau leptons with the CMS upgraded calorimeter trigger for the LHC RUN II | The CMS Level-1 Calorimeter Trigger for the LHC Run II"
Jeffrey C. Alexander,5,https://openalex.org/A5103089548,Jeffrey Alexander,102,3485,https://orcid.org/0000-0002-2567-1463,NA,"Innovation and Knowledge Management; Strategy and Management; Business, Management and Accounting","Harmful Algal Blooms in the Chesapeake and Coastal Bays of Maryland, USA: Comparison of 1997, 1998, and 1999 Events | Evidence for dissolved organic nitrogen and phosphorus uptake during a cyanobacterial bloom in Florida Bay | Leveraging knowledge, l"
Jeffrey C. Alexander,6,https://openalex.org/A5018268999,Gregg T. Beckham,551,44505,https://orcid.org/0000-0002-3480-212X,National Laboratory of the Rockies,Biofuel production and bioconversion; Biomedical Engineering; Engineering,"Lignin Valorization: Improving Lignin Processing in the Biorefinery | Chemicals from lignin: an interplay of lignocellulose fractionation, depolymerisation, and upgrading | Chemical and biological catalysis for plastics recycling and upcycling"
Jeffrey C. Alexander,7,https://openalex.org/A5023362893,S. R. J. Brueck,615,13693,https://orcid.org/0000-0001-8754-5633,ID Genomics (United States),Photonic and Optical Devices; Electrical and Electronic Engineering; Engineering,Experimental Demonstration of Near-Infrared Negative-Index Metamaterials | Large second-order nonlinearity in poled fused silica | Near-infrared double negative metamaterials
Jeffrey C. Alexander,8,https://openalex.org/A5047388749,Sam Whimster,120,1049,https://orcid.org/0000-0003-4900-3782,Global Policy Institute,"Weber, Simmel, Sociological Theory; Sociology and Political Science; Social Sciences",The Essential Weber: A Reader | Max Weber | “Energetical” Theories of Culture 1
Jeffrey C. Alexander,9,https://openalex.org/A5089350200,James A Smith,566,6525,https://orcid.org/0000-0002-1333-2544,British Antarctic Survey,Methane Hydrates and Related Phenomena; Environmental Chemistry; Environmental Science,A community-based geological reconstruction of Antarctic Ice Sheet deglaciation since the Last Glacial Maximum | Decadal Ocean Forcing and Antarctic Ice Sheet Response: Lessons from the Amundsen Sea | Mechanisms of Holocene palaeoenvironmental change
Jeffrey C. Alexander,10,https://openalex.org/A5022410109,M. R. Gómez,302,4135,https://orcid.org/0000-0002-1967-7113,Sandia National Laboratories,Laser-Plasma Interactions and Diagnostics; Nuclear and High Energy Physics; Physics and Astronomy,Experimental Demonstration of Fusion-Relevant Conditions in Magnetized Liner Inertial Fusion | Review of pulsed power-driven high energy density physics research on Z at Sandia | Physics principles of inertial confinement fusion and U.S. program over
Jeffrey C. Alexander,11,https://openalex.org/A5000669828,G. Cummings,410,3828,https://orcid.org/0000-0002-8045-7806,Fermi National Accelerator Laboratory,Particle physics theoretical and experimental studies; Nuclear and High Energy Physics; Physics and Astronomy,767. Collision diameters of flexible hydrocarbon molecules in the vapour phase : the “hydrogen effect.” | Perchloric acid decomposition flame | 514. The configuration of flexible C6 hydrocarbons in the vapour phase
Jeffrey C. Alexander,12,https://openalex.org/A5097798547,Jeffrey C. Alexander,1,155,NA,NA,"Economic Theory and Institutions; Economics and Econometrics; Economics, Econometrics and Finance",NA
Jeffrey C. Alexander,13,https://openalex.org/A5001784263,Travis S. Humble,298,3026,https://orcid.org/0000-0002-9449-0498,Oak Ridge National Laboratory,Quantum Computing Algorithms and Architecture; Artificial Intelligence; Computer Science,Quantum computing based hybrid solution strategies for large-scale discrete-continuous optimization problems | Quantum Annealing for Prime Factorization | Superdense Coding over Optical Fiber Links with Complete Bell-State Measurements
Jeffrey C. Alexander,14,https://openalex.org/A5015668923,Anthony J. Martino,70,2598,https://orcid.org/0000-0002-0279-302X,NA,"Adaptive optics and wavefront sensing; Atomic and Molecular Physics, and Optics; Physics and Astronomy","The Ice, Cloud, and land Elevation Satellite-2 (ICESat-2): Science requirements, concept, and implementation | The Ice, Cloud, and Land Elevation Satellite – 2 mission: A global geolocated photon product derived from the Advanced Topographic Laser Al"
Jeffrey C. Alexander,15,https://openalex.org/A5054109826,Jeffrey G. Cederberg,119,1142,NA,NA,"Semiconductor Quantum Structures and Devices; Atomic and Molecular Physics, and Optics; Physics and Astronomy",High-efficiency thermophotovoltaic energy conversion enabled by a metamaterial selective emitter | Efficient terahertz emission from InAs nanowires | Watt-Level Continuous-Wave Emission from a Bifunctional Quantum Cascade Laser/Detector
Jeffrey C. Alexander,16,https://openalex.org/A5111663941,Jeffrey C. Alexander,20,62,NA,NA,Contemporary Sociological Theory and Practice; Sociology and Political Science; Social Sciences,Real Civil Societies | Shaky foundations | Analytical Debates
Jeffrey C. Alexander,17,https://openalex.org/A5110947042,Jeffrey Rodelas,81,915,NA,Sandia National Laboratories,Additive Manufacturing Materials and Processes; Mechanical Engineering; Engineering,High-throughput stochastic tensile performance of additively manufactured stainless steel | Corrosion Properties of Powder Bed Fusion Additively Manufactured 17-4 PH Stainless Steel | Corrosion properties of 304L stainless steel made by directed ener
Jeffrey C. Alexander,18,https://openalex.org/A5039229562,K. J. Jensen,19,661,NA,Berkeley College,Astro and Planetary Science; Astronomy and Astrophysics; Physics and Astronomy,"Mineralogy, Mineral-Chemistry, and Composition of the Murchison (C2) Meteorite | Half-life of 60Fe | A40-K40 dating of igneous rocks and sediments"
Jeffrey C. Alexander,19,https://openalex.org/A5020506799,Alan L. Browne,98,736,NA,Ernst & Young (United States),Shape Memory Alloy Transformations; Materials Chemistry; Materials Science,A practical and robust approach to coping with large volumes of data submitted for digital forensic examination | Experimental validation of a magnetorheological energy absorber design analysis | Nonlinear modeling of magnetorheological energy absorb
Jeffrey C. Alexander,20,https://openalex.org/A5099358489,Jeffrey C. Alexander,1,1,NA,NA,NA,NA
Jeffrey C. Alexander,21,https://openalex.org/A5129448126,Jeffrey C. Alexander,3,0,NA,NA,NA,Pages de début | Postface | Pages de fin
Jeffrey C. Alexander,22,https://openalex.org/A5006440680,JEFFREY C. AlEXANDER,1,0,NA,NA,Religion and Society Interactions; Sociology and Political Science; Social Sciences,NA
Jeffrey C. Alexander,23,https://openalex.org/A5099235035,Jeffrey C. Alexander,1,0,NA,NA,Human auditory perception and evaluation; Aerospace Engineering; Engineering,NA
Jeffrey C. Alexander,24,https://openalex.org/A5099325996,Jeffrey C. Alexander,1,0,NA,NA,NA,NA
Jeffrey C. Alexander,25,https://openalex.org/A5119053420,Jeffrey C. Alexander,1,0,NA,NA,NA,NA
Jürgen Habermas,1,https://openalex.org/A5111405639,Jürgen Habermas,81,8894,NA,NA,Political Philosophy and Ethics; Political Science and International Relations; Social Sciences,Political Communication in Media Society: Does Democracy Still Enjoy an Epistemic Dimension? The Impact of Normative Theory on Empirical Research | Religion in the Public Sphere | Towards a theory of communicative competence
Jürgen Habermas,2,https://openalex.org/A5097170994,Jurgen Habermas,1,2210,NA,NA,"University-Industry-Government Innovation Models; Management of Technology and Innovation; Business, Management and Accounting",NA
Jürgen Habermas,3,https://openalex.org/A5084333725,Jürgen Habermas,7,497,NA,NA,Judicial and Constitutional Studies; Law; Social Sciences,Postmetaphysical thinking: philosophical essays | Three Normative Models of Democracy | Civil Society and the Political Public Sphere
Jürgen Habermas,4,https://openalex.org/A5098169443,Jurgen Habermas,1,1086,NA,NA,"Economic Theory and Institutions; Economics and Econometrics; Economics, Econometrics and Finance",NA
Jürgen Habermas,5,https://openalex.org/A5069344687,J.M. Rawls,93,1356,NA,NA,Magnetic confinement fusion research; Nuclear and High Energy Physics; Physics and Astronomy,"The Idea of Public Reason Revisited | Liberty, Equality, and Law: Selected Tanner Lectures on Moral Philosophy | The application of martensitic stainless steels in long lifetime fusion first wall/blankets"
Jürgen Habermas,6,https://openalex.org/A5098955818,Jürgen Habermas,1,5,NA,NA,Archaeology and Historical Studies; Archeology; Arts and Humanities,NA
Jürgen Habermas,7,https://openalex.org/A5099558747,Jürgen Habermas,1,5,NA,NA,Posthumanist Ethics and Activism; Cultural Studies; Social Sciences,NA
Jürgen Habermas,8,https://openalex.org/A5053022866,J. Habermas,3,10,NA,NA,Political Systems and Governance; Political Science and International Relations; Social Sciences,Politische Beteiligung — ein Wert „an sich“? | Interrelations entre État de droit et démocratie | Recht en moraal. Twee voordrachten
Jürgen Habermas,9,https://openalex.org/A5059479358,Habermas Jürgen,1,4,NA,NA,European Union Policy and Governance; Political Science and International Relations; Social Sciences,NA
Jürgen Habermas,10,https://openalex.org/A5119389752,Jürgen Habermas,1,1,NA,NA,"Memory, History, Trauma, Identity; Philosophy; Arts and Humanities",NA
Jürgen Habermas,11,https://openalex.org/A5104365300,Jürgen Von Habermas,1,1,NA,Goethe University Frankfurt,Economic and Social Issues; Sociology and Political Science; Social Sciences,NA
Jürgen Habermas,12,https://openalex.org/A5130198492,Jürgen Habermas,1,0,NA,NA,NA,NA
Jürgen Habermas,13,https://openalex.org/A5129635500,Jürgen Habermas,14,0,NA,NA,NA,Chapitre II. Les racines sacrales des traditions de la période axiale | Chapitre IV. La symbiose de foi et de savoir dans le platonisme chrétien et l’apparition de l’Église catholique romaine | Table du Volume II : Liberté rationnelle. Traces des dis
Jürgen Habermas,14,https://openalex.org/A5116807354,Jürgen Habermas,2,0,NA,NA,"Cyprus History, Politics, Society; Sociology and Political Science; Social Sciences",NA
Jürgen Habermas,15,https://openalex.org/A5095891836,Jürgen Habermas,1,0,NA,NA,Critical Theory and Philosophy; Sociology and Political Science; Social Sciences,NA
Jürgen Habermas,16,https://openalex.org/A5120370490,Jürgen Habermas,1,0,NA,NA,German Literature and Culture Studies; Literature and Literary Theory; Arts and Humanities,NA
Jürgen Habermas,17,https://openalex.org/A5107675407,Jürgen Habermas,1,0,NA,NA,Labor Movements and Unions; Public Administration; Social Sciences,NA
Jürgen Habermas,18,https://openalex.org/A5097888559,Jürgen Habermas,1,0,NA,NA,"Philosophy, Science, and History; History and Philosophy of Science; Arts and Humanities",NA
Jürgen Habermas,19,https://openalex.org/A5116035985,Jürgen Habermas,1,0,NA,NA,German Literature and Culture Studies; Literature and Literary Theory; Arts and Humanities,NA
Jürgen Habermas,20,https://openalex.org/A5117222712,Jürgen Habermas,1,0,NA,NA,French Urban and Social Studies; Sociology and Political Science; Social Sciences,NA
Jürgen Habermas,21,https://openalex.org/A5001325147,Jürgen Jürgen Habermas,1,0,NA,NA,Language and Culture; Linguistics and Language; Social Sciences,NA
Jürgen Habermas,22,https://openalex.org/A5120464636,Jürgen Habermas,1,0,NA,NA,Kantian Philosophy and Modern Interpretations; Philosophy; Arts and Humanities,NA
Jürgen Habermas,23,https://openalex.org/A5116572247,Jürgen Habermas,1,0,NA,NA,Mental Health and Psychiatry; Philosophy; Arts and Humanities,NA
Jürgen Habermas,24,https://openalex.org/A5095427593,Jürgen Habermas' Buch,1,0,NA,NA,Economic and Social Issues; Sociology and Political Science; Social Sciences,NA
Jürgen Habermas,25,https://openalex.org/A5078198045,I. Jürgen Habermas,1,0,NA,NA,Critical Theory and Philosophy; Sociology and Political Science; Social Sciences,NA
Karl Marx,1,https://openalex.org/A5111412543,Karl Marx,1563,45666,NA,NA,Political Economy and Marxism; Sociology and Political Science; Social Sciences,Capital: A Critique of Political Economy | FROM THE GERMAN IDEOLOGY | Grundrisse: Foundations of the Critique of Political Economy
Karl Marx,2,https://openalex.org/A5042698249,Karl Marx,34,1796,NA,NA,Political Economy and Marxism; Sociology and Political Science; Social Sciences,The Marx-Engels Reader | Ireland and the Irish Question | The anthropological treatises of Johann Friedrich Blumenbach
Karl Marx,3,https://openalex.org/A5055541325,Karl Marx,63,712,NA,NA,Political Economy and Marxism; Sociology and Political Science; Social Sciences,Writings of the Young Marx on Philosophy and Society | Marx and Engels on law | Dispatches for the New York Tribune: Selected Journalism of Karl Marx
Karl Marx,4,https://openalex.org/A5044113348,Karl Marx,5,663,NA,NA,"Corporate Governance and Management; Strategy and Management; Business, Management and Accounting",Die deutsche Ideologie | Lohnarbeit und Kapital | Vorwort zur Kritik der Politischen Ökonomie
Karl Marx,5,https://openalex.org/A5029096957,Karl Marx A. Quiazon,33,592,NA,NA,Parasite Biology and Host Interactions; Ecology; Environmental Science,Morphological differences between larvae and in vitro-cultured adults of Anisakis simplex (sensu stricto) and Anisakis pegreffii (Nematoda: Anisakidae) | Taxonomical study into two new species of Philometra (Nematoda: Philometridae) previously identi
Karl Marx,6,https://openalex.org/A5059569811,Karl Marx,8,333,NA,NA,French Urban and Social Studies; Sociology and Political Science; Social Sciences,"The class struggles in France, (1848-1850) | On education, women, and children | Interview de Karl Marx au Chicago Tribune"
Karl Marx,7,https://openalex.org/A5030487986,Karl Marx,72,350,NA,Tamil Nadu Dr. J Jayalalitha Fisheries University,Fish Biology and Ecology Studies; Aquatic Science; Agricultural and Biological Sciences,Water Quality Management in Aquaculture | Capital: An Abridged Edition | The Process of Capitalist Production as a Whole
Karl Marx,8,https://openalex.org/A5046784548,Karl Marx,154,282,NA,NA,German Literature and Culture Studies; Literature and Literary Theory; Arts and Humanities,The Future Results of British Rule in India | The Eastern Question | Urban development and regional management in Eastern Europe
Karl Marx,9,https://openalex.org/A5097049541,Karl Marx,1,124,NA,NA,Religion and Society Interactions; Sociology and Political Science; Social Sciences,NA
Karl Marx,10,https://openalex.org/A5082590768,KARL MARX,1,114,NA,NA,French Historical and Cultural Studies; History; Arts and Humanities,NA
Karl Marx,11,https://openalex.org/A5095969467,Karl Marx,1,95,NA,NA,Political Economy and Marxism; Sociology and Political Science; Social Sciences,NA
Karl Marx,12,https://openalex.org/A5045684651,Karl-Marx-Universität Leipzig,24,59,NA,NA,Economic and Social Issues; Sociology and Political Science; Social Sciences,Beiträge zur tropischen Landwirtschaft und Veterinärmedizin | Wissenschaftliche Zeitschrift der Karl Marx-Universität Leipzig. Gesellschaftswissenschaftliche Reihe | Magdeburgs Zerstörung in der zeitgenössischen Publizistik
Karl Marx,13,https://openalex.org/A5036819883,Parteihochschule Karl Marx,39,68,NA,NA,European history and politics; Political Science and International Relations; Social Sciences,"Die Große sozialistische Oktoberrevolution : Ausgangspunkt und Basis der Verwandlung des Sozialismus in ein Weltsystem : Protokoll der wissenschaftlichen Konferenz der Parteihochschule ""Karl Marx"" beim ZK der SED in Zusammenarbeit mit dem Institut fü"
Karl Marx,14,https://openalex.org/A5017927278,Karl Marx,30,36,NA,NA,Avian ecology and behavior; Ecology; Environmental Science,The civil war in France : address of the General Council of the International Working-Men's Association | The exotic animal drug compendium: an international formulary. | Address and provisional rules of the International Working Men’s Association : 
Karl Marx,15,https://openalex.org/A5081373526,Karl Marx,8,38,NA,NA,History and advancements in chemistry; Physical and Theoretical Chemistry; Chemistry,Zur Konstitution der Phthaleinsalze | Zur Konstitution der Phthaleinsalze | Zur Tautomerie des Succinylchlorids
Karl Marx,16,https://openalex.org/A5045672779,Karl Marx S. Silva,2,44,NA,Universidade Federal de Pernambuco,Transcranial Magnetic Stimulation Studies; Neurology; Neuroscience,NA
Karl Marx,17,https://openalex.org/A5107762138,Karl Marx,1,27,NA,NA,NA,NA
Karl Marx,18,https://openalex.org/A5110585326,Karl Marx LR,3,22,NA,NA,Sensor Technology and Measurement Systems; Computer Networks and Communications; Computer Science,Measurement of diesel exhaust fluid concentration in urea-SCR after-treatment system | Internet of Things Controlled Reconfigurable Antenna for RF Harvesting | Electrical Conductivity Based Quality Measurement of Diesel Exhaust Fluid
Karl Marx,19,https://openalex.org/A5063787161,Walter Κοlneder,122,63,NA,NA,Musicology and Musical Analysis; Music; Arts and Humanities,"The Amadeus Book of the Violin: Construction, History, and Music | Erinnerungen aus meinem Leben | Antonio Vivaldi: His Life and Work"
Karl Marx,20,https://openalex.org/A5092794617,Karl Marx,11,21,NA,NA,European history and politics; Political Science and International Relations; Social Sciences,NA
Karl Marx,21,https://openalex.org/A5025685077,E.V Rubtsova,89,69,https://orcid.org/0000-0002-3872-1351,Kursk State Medical University,"Language, Communication, and Linguistic Studies; Communication; Social Sciences",NA
Karl Marx,22,https://openalex.org/A5107266565,Karl Marx,1,20,NA,NA,NA,NA
Karl Marx,23,https://openalex.org/A5047012108,Karl Marx Silva Garcez,11,17,https://orcid.org/0000-0003-3012-2212,Universidade Federal do Maranhão,Material Dynamics and Properties; Materials Chemistry; Materials Science,NA
Karl Marx,24,https://openalex.org/A5109915613,L. R. Karl Marx,7,15,NA,Maharaj Vijayaram Gajapathi Raj College of Engineering,Embedded Systems Design Techniques; Hardware and Architecture; Computer Science,NA
Karl Marx,25,https://openalex.org/A5097209305,Karl Marx,1,10,NA,NA,Social Sciences and Governance; Urban Studies; Social Sciences,NA
Kimberlé Crenshaw,1,https://openalex.org/A5084078930,Kimberlé W. Crenshaw,82,65829,NA,NA,"Race, History, and American Society; Sociology and Political Science; Social Sciences",NA
Kimberlé Crenshaw,2,https://openalex.org/A5097155239,Kimberlé Crenshaw,1,57,NA,NA,Education Systems and Policy; Education; Social Sciences,NA
Kimberlé Crenshaw,3,https://openalex.org/A5123923663,Kimberlé W. Crenshaw,2,2,NA,Inslaw (United States),Discrimination and Equality Law; Law; Social Sciences,NA
Kimberlé Crenshaw,4,https://openalex.org/A5067607499,KIMBERLÉ CRENSHAW,1,0,NA,NA,NA,NA
Kimberlé Crenshaw,5,https://openalex.org/A5120465825,Kimberlé Crenshaw,1,0,NA,NA,NA,NA
Kimberlé Crenshaw,6,https://openalex.org/A5118701477,Kimberlé W. Crenshaw,1,0,NA,NA,Social Sciences and Governance; Urban Studies; Social Sciences,NA
Max Weber,1,https://openalex.org/A5108348115,Max Weber,796,51778,https://orcid.org/0009-0000-7874-581X,University of Freiburg,"Weber, Simmel, Sociological Theory; Sociology and Political Science; Social Sciences",NA
Max Weber,2,https://openalex.org/A5027748495,Talcott Parsons,344,63843,NA,NA,Contemporary Sociological Theory and Practice; Sociology and Political Science; Social Sciences,NA
Max Weber,3,https://openalex.org/A5102103680,Max Weber,59,12814,NA,NA,Seismic Imaging and Inversion Techniques; Geophysics; Earth and Planetary Sciences,NA
Max Weber,4,https://openalex.org/A5108215074,Max Weber,51,4029,NA,NA,"Historical Economic and Social Studies; Economics and Econometrics; Economics, Econometrics and Finance",NA
Max Weber,5,https://openalex.org/A5101857728,Matthias M. Weber,259,6220,https://orcid.org/0000-0002-6939-2255,Johannes Gutenberg University Mainz,"Growth Hormone and Insulin-like Growth Factors; Endocrinology, Diabetes and Metabolism; Medicine",NA
Max Weber,6,https://openalex.org/A5055929208,D. Weber,160,4294,https://orcid.org/0000-0001-5027-2985,NA,Multiple Myeloma Research and Treatments; Hematology; Medicine,NA
Max Weber,7,https://openalex.org/A5045608304,Max Weber,135,737,https://orcid.org/0000-0003-2417-7866,Texas A&M University at Galveston,Ichthyology and Marine Biology; Nature and Landscape Conservation; Environmental Science,NA
Max Weber,8,https://openalex.org/A5098613170,Max Weber,1,437,NA,NA,"Economic Theory and Institutions; Economics and Econometrics; Economics, Econometrics and Finance",NA
Max Weber,9,https://openalex.org/A5103402783,Marcus M. Weber,11,489,NA,NA,Particle physics theoretical and experimental studies; Nuclear and High Energy Physics; Physics and Astronomy,NA
Max Weber,10,https://openalex.org/A5024734505,Andrea M. Bernard,71,669,https://orcid.org/0000-0001-6684-8723,Nova Southeastern University,Ichthyology and Marine Biology; Nature and Landscape Conservation; Environmental Science,NA
Max Weber,11,https://openalex.org/A5108832519,Weber Max,6,567,NA,NA,American Constitutional Law and Politics; Political Science and International Relations; Social Sciences,NA
Max Weber,12,https://openalex.org/A5009240674,Markus Friedrich,147,503,https://orcid.org/0000-0001-8764-8763,Universität Hamburg,Reformation and Early Modern Christianity; History; Arts and Humanities,NA
Max Weber,13,https://openalex.org/A5092630179,Max Weber,1,132,NA,NA,"Historical Economic and Social Studies; Economics and Econometrics; Economics, Econometrics and Finance",NA
Max Weber,14,https://openalex.org/A5018956245,Grażyna Skąpska,65,222,NA,NA,European and International Law Studies; Political Science and International Relations; Social Sciences,NA
Max Weber,15,https://openalex.org/A5097769830,Max Weber,1,65,NA,NA,"Bat Biology and Ecology Studies; Ecology, Evolution, Behavior and Systematics; Agricultural and Biological Sciences",NA
Max Weber,16,https://openalex.org/A5096817576,Max Weber,1,61,NA,NA,Religion and Society Interactions; Sociology and Political Science; Social Sciences,NA
Max Weber,17,https://openalex.org/A5105846465,Max Weber,1,55,NA,Rutgers Sexual and Reproductive Health and Rights,Critical Theory and Philosophy; Sociology and Political Science; Social Sciences,NA
Max Weber,18,https://openalex.org/A5097561778,Max Weber,1,50,NA,NA,Religion and Society Interactions; Sociology and Political Science; Social Sciences,NA
Max Weber,19,https://openalex.org/A5109560553,Max Weber,9,43,https://orcid.org/0000-0003-3454-4121,Leipzig University,Software System Performance and Reliability; Computer Networks and Communications; Computer Science,NA
Max Weber,20,https://openalex.org/A5049320731,Max Weber,7,39,NA,NA,"Economic Growth and Productivity; Economics and Econometrics; Economics, Econometrics and Finance",NA
Max Weber,21,https://openalex.org/A5102080356,Max Weber,8,25,NA,University of Duisburg-Essen,Radioactive element chemistry and processing; Inorganic Chemistry; Chemistry,NA
Max Weber,22,https://openalex.org/A5097560133,Max Weber,1,32,NA,NA,Soviet and Russian History; Political Science and International Relations; Social Sciences,NA
Max Weber,23,https://openalex.org/A5091397359,Max Weber Stiftung,163,36,NA,NA,European history and politics; Political Science and International Relations; Social Sciences,NA
Max Weber,24,https://openalex.org/A5096438940,Max Weber,1,31,NA,NA,SMEs Development and Digital Marketing; Demography; Social Sciences,NA
Max Weber,25,https://openalex.org/A5092241568,Max Weber,1,25,NA,NA,Wildlife Ecology and Conservation; Ecology; Environmental Science,NA
Michel Foucault,1,https://openalex.org/A5005989677,Michel Foucault,982,206648,NA,NA,"Foucault, Power, and Ethics; Sociology and Political Science; Social Sciences",NA
Michel Foucault,2,https://openalex.org/A5074092725,Judith Butler,646,117082,https://orcid.org/0000-0002-0147-5193,The Association of Comparative Study of World Literature,"Foucault, Power, and Ethics; Sociology and Political Science; Social Sciences",NA
Michel Foucault,3,https://openalex.org/A5084229007,Douglas Kellner,578,16110,https://orcid.org/0000-0002-1643-6744,"University of California, Los Angeles",Critical Theory and Philosophy; Sociology and Political Science; Social Sciences,NA
Michel Foucault,4,https://openalex.org/A5113451168,Jean François Lyotard,82,5809,NA,NA,"Philosophy, Ethics, and Existentialism; Philosophy; Arts and Humanities",NA
Michel Foucault,5,https://openalex.org/A5063357805,Michel Foucault,5,377,NA,Éditions Gallimard (France),"Economic Theory and Institutions; Economics and Econometrics; Economics, Econometrics and Finance",NA
Michel Foucault,6,https://openalex.org/A5065759769,Foucault,6,365,NA,NA,Philosophy and Social Theory; Sociology and Political Science; Social Sciences,NA
Michel Foucault,7,https://openalex.org/A5097058484,Michel Foucault,1,188,NA,NA,French Historical and Cultural Studies; History; Arts and Humanities,NA
Michel Foucault,8,https://openalex.org/A5055706324,Michel Foucault,3,94,NA,NA,Criminal Justice and Penology; Law; Social Sciences,NA
Michel Foucault,9,https://openalex.org/A5097814033,Michel Foucault,2,68,NA,NA,Psychoanalysis and Psychopathology Research; Clinical Psychology; Psychology,NA
Michel Foucault,10,https://openalex.org/A5110883218,R. E. KING,2,115,NA,University of Limerick,Geological and Geochemical Analysis; Geophysics; Earth and Planetary Sciences,NA
Michel Foucault,11,https://openalex.org/A5035896756,MICHEL FOUCAULT,2,20,NA,NA,German Literature and Culture Studies; Literature and Literary Theory; Arts and Humanities,NA
Michel Foucault,12,https://openalex.org/A5012143099,MICHEL FOUCAULT,1,23,NA,NA,Asian Geopolitics and Ethnography; Political Science and International Relations; Social Sciences,NA
Michel Foucault,13,https://openalex.org/A5099194886,Michel Foucault,1,13,NA,NA,Complex Systems and Decision Making; Management Science and Operations Research; Decision Sciences,NA
Michel Foucault,14,https://openalex.org/A5055589416,Arief,13,160,NA,Short and Associates (United States),Biofuel production and bioconversion; Biomedical Engineering; Engineering,NA
Michel Foucault,15,https://openalex.org/A5098479824,Michel Foucault,1,5,NA,NA,Political Economy and Marxism; Sociology and Political Science; Social Sciences,NA
Michel Foucault,16,https://openalex.org/A5004248263,Foucault Michel,5,4,NA,NA,Islamic Studies and History; Political Science and International Relations; Social Sciences,NA
Michel Foucault,17,https://openalex.org/A5013232140,MICHEL FOUCAULT,1,2,NA,NA,NA,NA
Michel Foucault,18,https://openalex.org/A5099209576,Michel Foucault,1,2,NA,NA,Academic Writing and Publishing; History and Philosophy of Science; Arts and Humanities,NA
Michel Foucault,19,https://openalex.org/A5061794545,Michel Foucault,2,1,NA,NA,Philosophy and History of Science; History and Philosophy of Science; Arts and Humanities,NA
Michel Foucault,20,https://openalex.org/A5120803552,Michel Foucault,1,1,NA,NA,"Foucault, Power, and Ethics; Sociology and Political Science; Social Sciences",NA
Michel Foucault,21,https://openalex.org/A5048065862,Michael Foucault,1,15,NA,NA,Latin American Urban Studies; Urban Studies; Social Sciences,NA
Michel Foucault,22,https://openalex.org/A5122509061,Michel FOUCAULT,3,0,NA,NA,Psychology and Mental Health; Clinical Psychology; Psychology,NA
Michel Foucault,23,https://openalex.org/A5132608516,Michel Foucault,21,0,NA,NA,NA,NA
Michel Foucault,24,https://openalex.org/A5129907986,Michel Foucault,1,0,NA,NA,NA,NA
Michel Foucault,25,https://openalex.org/A5132860400,Michel Foucault,1,0,NA,NA,"Global trade and economics; General Economics, Econometrics and Finance; Economics, Econometrics and Finance",NA
Norbert Elias,1,https://openalex.org/A5106945538,Norbert Elias,272,19756,NA,NA,Sociology and Norbert Elias; Sociology and Political Science; Social Sciences,NA
Norbert Elias,2,https://openalex.org/A5076264373,Norbert Elias,3,124,NA,NA,Sociology and Education Studies; Sociology and Political Science; Social Sciences,NA
Norbert Elias,3,https://openalex.org/A5018961734,Norbert Elías,8,125,NA,Bielefeld University,Latin American Urban Studies; Urban Studies; Social Sciences,NA
Norbert Elias,4,https://openalex.org/A5106944576,Elias Norbert,1,63,NA,NA,Gender and Feminist Studies; Gender Studies; Social Sciences,NA
Norbert Elias,5,https://openalex.org/A5028776228,Norbert Elias,1,5,NA,NA,"Quantum Mechanics and Applications; Atomic and Molecular Physics, and Optics; Physics and Astronomy",NA
Norbert Elias,6,https://openalex.org/A5092306353,Norbert Elias,1,4,NA,NA,Sociology and Education Studies; Sociology and Political Science; Social Sciences,NA
Norbert Elias,7,https://openalex.org/A5095478531,Norbert Elias,1,3,NA,NA,French Urban and Social Studies; Sociology and Political Science; Social Sciences,NA
Norbert Elias,8,https://openalex.org/A5095499099,Norbert Elias,1,2,NA,Federal Ministry of Justice,NA,NA
Norbert Elias,9,https://openalex.org/A5013103645,N. Elias,7,27,https://orcid.org/0000-0002-8680-264X,Lebanese University,Archaeology and Historical Studies; Archeology; Arts and Humanities,NA
Norbert Elias,10,https://openalex.org/A5078088292,Norbert Elias,1,1,NA,NA,Culinary Culture and Tourism; Food Science; Agricultural and Biological Sciences,NA
Norbert Elias,11,https://openalex.org/A5094924164,Norbert Elias' Konzept,1,1,NA,Winterthur Museum Garden and Library,Law and Political Science; Law; Social Sciences,NA
Norbert Elias,12,https://openalex.org/A5098121409,Norbert Elias BRUNO TINEL,1,1,NA,NA,Sociology and Norbert Elias; Sociology and Political Science; Social Sciences,NA
Norbert Elias,13,https://openalex.org/A5096898249,Zu Einer Stärkung Der Im Norbert Elias' Folgend,1,1,NA,NA,European history and politics; Political Science and International Relations; Social Sciences,NA
Norbert Elias,14,https://openalex.org/A5116196021,Norbert Elias,1,0,NA,NA,Historical and Environmental Studies; Sociology and Political Science; Social Sciences,NA
Norbert Elias,15,https://openalex.org/A5127983718,Norbert Elias,1,0,NA,NA,Emile Durkheim and Sociology; Sociology and Political Science; Social Sciences,NA
Norbert Elias,16,https://openalex.org/A5117313001,Norbert Elias,1,0,NA,NA,Turkish Urban and Social Issues; Urban Studies; Social Sciences,NA
Norbert Elias,17,https://openalex.org/A5050500326,Norbert Elias †,1,0,NA,NA,Anthropological Studies and Insights; Anthropology; Social Sciences,NA
Norbert Elias,18,https://openalex.org/A5098468283,Norbert Elias,1,0,NA,NA,Historical Influence and Diplomacy; Political Science and International Relations; Social Sciences,NA
Norbert Elias,19,https://openalex.org/A5093305477,Norbert Elias,1,0,NA,NA,"Psychology, Coaching, and Therapy; Social Psychology; Psychology",NA
Norbert Elias,20,https://openalex.org/A5117567046,Norbert Elias,1,0,NA,Euclid Network,French Urban and Social Studies; Sociology and Political Science; Social Sciences,NA
Norbert Elias,21,https://openalex.org/A5115478377,Norbert Elias Et L'intégration Postnationale,1,0,NA,Université Libre de Bruxelles,NA,NA
Norbert Elias,22,https://openalex.org/A5094825264,Norbert Elias,1,0,NA,NA,German Literature and Culture Studies; Literature and Literary Theory; Arts and Humanities,NA
Norbert Elias,23,https://openalex.org/A5059618159,Chez Norbert Elias,1,0,NA,NA,Social Sciences and Governance; Urban Studies; Social Sciences,NA
Norbert Elias,24,https://openalex.org/A5094825265,Kurt Lenk,1,0,NA,NA,German Literature and Culture Studies; Literature and Literary Theory; Arts and Humanities,NA
Norbert Elias,25,https://openalex.org/A5116305482,Elias Marten Norbert Balt,1,0,NA,NA,Psychotherapy Techniques and Applications; Clinical Psychology; Psychology,NA
Patricia Hill Collins,1,https://openalex.org/A5006360782,Patrícia Hill Collins,244,44886,NA,"University of Maryland, College Park","Race, History, and American Society; Sociology and Political Science; Social Sciences",NA
Patricia Hill Collins,2,https://openalex.org/A5014019782,Collins Patricia Hill,1,57,NA,NA,Social and Cultural Dynamics; Sociology and Political Science; Social Sciences,NA
Patricia Hill Collins,3,https://openalex.org/A5130171049,Patricia Hill Collins,1,0,NA,NA,NA,NA
Patricia Hill Collins,4,https://openalex.org/A5132713940,Patricia Hill Collins,1,0,NA,NA,Contemporary Sociological Theory and Practice; Sociology and Political Science; Social Sciences,NA
Patricia Hill Collins,5,https://openalex.org/A5099664353,Patricia Hill Collins,1,0,NA,NA,NA,NA
Patricia Hill Collins,6,https://openalex.org/A5119216211,Patricia Hill Collins,1,0,NA,NA,Qualitative Research Methods and Ethics; Sociology and Political Science; Social Sciences,NA
Patricia Hill Collins,7,https://openalex.org/A5118701472,Patricia Hill Collins,1,0,NA,NA,Social Sciences and Governance; Urban Studies; Social Sciences,NA
Patricia Hill Collins,8,https://openalex.org/A5126970877,Patricia Hill Collins,1,0,NA,NA,NA,NA
Patricia Hill Collins,9,https://openalex.org/A5117654254,Patricia Hill Collins,1,0,NA,NA,"Race, History, and American Society; Sociology and Political Science; Social Sciences",NA
Patricia Hill Collins,10,https://openalex.org/A5125084281,PATRICIA HILL COLLINS,1,0,NA,NA,NA,NA
Patricia Hill Collins,11,https://openalex.org/A5026473869,Patricia Hill Collins Sirma Bilge,1,0,NA,NA,Social Policy and Reform Studies; Political Science and International Relations; Social Sciences,NA
Patricia Hill Collins,12,https://openalex.org/A5126974598,Collins Hill Patricia,1,0,NA,NA,NA,NA
Peter M. Blau,1,https://openalex.org/A5011264491,Peter M. Blau,206,56478,NA,NA,Contemporary Sociological Theory and Practice; Sociology and Political Science; Social Sciences,NA
Peter M. Blau,2,https://openalex.org/A5103038177,Theodore M. Besmann,404,4281,https://orcid.org/0000-0002-6253-7693,University of South Carolina,Crystallization and Solubility Studies; Materials Chemistry; Materials Science,NA
Pierre Bourdieu,1,https://openalex.org/A5035242470,Pierre Bourdıeu,1041,262442,https://orcid.org/0000-0001-6386-4269,NA,French Urban and Social Studies; Sociology and Political Science; Social Sciences,NA
Pierre Bourdieu,2,https://openalex.org/A5097005265,Pierre Bourdieu,1,3219,NA,NA,"Education, sociology, and vocational training; Sociology and Political Science; Social Sciences",NA
Pierre Bourdieu,3,https://openalex.org/A5082932467,Cf. Pierre Bourdieu,1,561,NA,NA,"Economic Theory and Institutions; Economics and Econometrics; Economics, Econometrics and Finance",NA
Pierre Bourdieu,4,https://openalex.org/A5037072961,Yves Winkin,117,696,https://orcid.org/0000-0003-3450-3944,NA,French Urban and Social Studies; Sociology and Political Science; Social Sciences,NA
Pierre Bourdieu,5,https://openalex.org/A5035593453,Pierre Félix Bourdieu,3,221,NA,Collège de France,Classical Antiquity Studies; Anthropology; Social Sciences,NA
Pierre Bourdieu,6,https://openalex.org/A5047650234,Douglas Boyd,29,543,NA,"University of California, Davis",Cardiac and Coronary Surgery Techniques; Surgery; Medicine,NA
Pierre Bourdieu,7,https://openalex.org/A5044596574,Pierre Bourdieu,2,56,NA,NA,African Studies and Geopolitics; Anthropology; Social Sciences,NA
Pierre Bourdieu,8,https://openalex.org/A5049730465,Pierre Bourdieu,1,56,NA,NA,French Historical and Cultural Studies; History; Arts and Humanities,NA
Pierre Bourdieu,9,https://openalex.org/A5111437891,Kate Brown,12,76,NA,Cornell University,Ecology and Vegetation Dynamics Studies; Nature and Landscape Conservation; Environmental Science,NA
Pierre Bourdieu,10,https://openalex.org/A5045172623,Pierre Bourdieu,2,26,NA,NA,"Education, sociology, and vocational training; Sociology and Political Science; Social Sciences",NA
Pierre Bourdieu,11,https://openalex.org/A5063667856,Pierre Bourdieu,4,26,NA,NA,"Health, Medicine and Society; General Health Professions; Health Professions",NA
Pierre Bourdieu,12,https://openalex.org/A5106272120,Pierre Bourdieu,1,8,NA,NA,Qualitative Research Methods and Ethics; Sociology and Political Science; Social Sciences,NA
Pierre Bourdieu,13,https://openalex.org/A5033256259,Laura L. Bush,7,14,NA,Central Intelligence Agency,Latin American and Latino Studies; Cultural Studies; Social Sciences,NA
Pierre Bourdieu,14,https://openalex.org/A5039482554,Pierre Bourdieu,1,4,NA,NA,"Education, sociology, and vocational training; Sociology and Political Science; Social Sciences",NA
Pierre Bourdieu,15,https://openalex.org/A5106272055,Pierre Bourdieu,1,4,NA,NA,"Language, Communication, and Linguistic Studies; Communication; Social Sciences",NA
Pierre Bourdieu,16,https://openalex.org/A5067067743,Pierre Bourdieu MADELINE PÉREZ,1,4,NA,NA,School Choice and Performance; Education; Social Sciences,NA
Pierre Bourdieu,17,https://openalex.org/A5119821159,Pierre Bourdieu,1,3,NA,Collège de France,Educational theories and practices; Education; Social Sciences,NA
Pierre Bourdieu,18,https://openalex.org/A5108214631,D. A. Bowie,6,4,NA,NA,Milk Quality and Mastitis in Dairy Cows; Agronomy and Crop Science; Agricultural and Biological Sciences,NA
Pierre Bourdieu,19,https://openalex.org/A5053336307,Formación Pierre Bourdieu,2,1,NA,NA,Educational theories and practices; Education; Social Sciences,NA
Pierre Bourdieu,20,https://openalex.org/A5009859658,Par Pierre Bourdieu,1,1,NA,NA,"Education, sociology, and vocational training; Sociology and Political Science; Social Sciences",NA
Pierre Bourdieu,21,https://openalex.org/A5029471145,Bourdieu Pierre,1,2,NA,NA,Historical and Literary Studies; Anthropology; Social Sciences,NA
Pierre Bourdieu,22,https://openalex.org/A5095466148,Hugh Boyd,1,1,NA,NA,Irish and British Studies; Sociology and Political Science; Social Sciences,NA
Pierre Bourdieu,23,https://openalex.org/A5122447188,Pierre Bourdieu,2,0,NA,NA,North African History and Literature; History; Arts and Humanities,NA
Pierre Bourdieu,24,https://openalex.org/A5118939517,Pierre Bourdieu,1,0,NA,NA,Social and Cultural Dynamics; Sociology and Political Science; Social Sciences,NA
Pierre Bourdieu,25,https://openalex.org/A5118951471,Pierre Bourdieu,1,0,NA,NA,"Education, Healthcare and Sociology Research; Social Psychology; Psychology",NA
Randall Collins,1,https://openalex.org/A5039696676,Randall Collins,402,26021,NA,California University of Pennsylvania,Contemporary Sociological Theory and Practice; Sociology and Political Science; Social Sciences,NA
Randall Collins,2,https://openalex.org/A5113733956,R. J. Collins,16,1288,NA,University of Minnesota,"Semiconductor Quantum Structures and Devices; Atomic and Molecular Physics, and Optics; Physics and Astronomy",NA
Randall Collins,3,https://openalex.org/A5044241350,Randall Collins,3,552,NA,NA,Student Assessment and Feedback; Education; Social Sciences,NA
Randall Collins,4,https://openalex.org/A5000240384,Randall W. Collins,12,441,NA,NA,Essential Oils and Antimicrobial Activity; Food Science; Agricultural and Biological Sciences,NA
Randall Collins,5,https://openalex.org/A5033688840,Randall Collins,17,302,NA,NA,Contemporary Sociological Theory and Practice; Sociology and Political Science; Social Sciences,NA
Randall Collins,6,https://openalex.org/A5043064070,Thomas A. Reichardt,115,556,https://orcid.org/0000-0002-2771-6653,Sandia National Laboratories California,Spectroscopy and Laser Applications; Spectroscopy; Chemistry,NA
Randall Collins,7,https://openalex.org/A5120164873,Randall Collins,1,18,NA,NA,Evolutionary Game Theory and Cooperation; Sociology and Political Science; Social Sciences,NA
Randall Collins,8,https://openalex.org/A5091627409,Randall S. Collins,6,40,NA,NA,Ophthalmology and Visual Impairment Studies; Epidemiology; Medicine,NA
Randall Collins,9,https://openalex.org/A5099287122,Randall Collins,1,4,NA,NA,"Management and Organizational Studies; Organizational Behavior and Human Resource Management; Business, Management and Accounting",NA
Randall Collins,10,https://openalex.org/A5076976790,Collins Randall,1,11,NA,NA,International Law and Human Rights; Political Science and International Relations; Social Sciences,NA
Randall Collins,11,https://openalex.org/A5017637085,Randall Collins,4,1,NA,NA,"Rangeland Management and Livestock Ecology; Management, Monitoring, Policy and Law; Environmental Science",NA
Randall Collins,12,https://openalex.org/A5116290359,Randall Collins,1,0,NA,NA,"Education, sociology, and vocational training; Sociology and Political Science; Social Sciences",NA
Randall Collins,13,https://openalex.org/A5105450996,Randall Collins,1,0,NA,NA,Cultural Identity and Heritage; Archeology; Arts and Humanities,NA
Randall Collins,14,https://openalex.org/A5100139800,Randall Collins,1,0,NA,NA,NA,NA
Randall Collins,15,https://openalex.org/A5099397888,Randall Collins,1,0,NA,NA,NA,NA
Randall Collins,16,https://openalex.org/A5100059197,Randall Collins,1,0,NA,NA,Legal Cases and Commentary; Reproductive Medicine; Medicine,NA
Randall Collins,17,https://openalex.org/A5096934997,Randall Collins,1,0,NA,NA,Contemporary Sociological Theory and Practice; Sociology and Political Science; Social Sciences,NA
Randall Collins,18,https://openalex.org/A5099740873,Randall Collins,1,0,NA,NA,NA,NA
Randall Collins,19,https://openalex.org/A5104526952,Randall Collins,1,0,NA,NA,NA,NA
Randall Collins,20,https://openalex.org/A5104812269,Randall Collins,1,0,NA,NA,Contemporary Sociological Theory and Practice; Sociology and Political Science; Social Sciences,NA
Randall Collins,21,https://openalex.org/A5116072994,Randall Collins,1,0,NA,NA,Psychotherapy Techniques and Applications; Clinical Psychology; Psychology,NA
Randall Collins,22,https://openalex.org/A5075530868,Randall Collins Violence,1,0,NA,NA,Historical Studies on Spain; History; Arts and Humanities,NA
Randall Collins,23,https://openalex.org/A5095616337,Francis Kettleby,1,0,NA,NA,NA,NA
Randall Collins,24,https://openalex.org/A5107816510,Collins Randall,1,0,https://orcid.org/0009-0001-2475-1111,NA,Religion and Society Interactions; Sociology and Political Science; Social Sciences,NA
Robert K. Merton,1,https://openalex.org/A5112712778,Robert Κ. Merton,335,81412,NA,National Bureau of Economic Research,Contemporary Sociological Theory and Practice; Sociology and Political Science; Social Sciences,NA
Robert K. Merton,2,https://openalex.org/A5062278776,Robert K Merton,2,39,NA,NA,Opinion Dynamics and Social Influence; Statistical and Nonlinear Physics; Physics and Astronomy,NA
Robert K. Merton,3,https://openalex.org/A5096918572,Robert K. Merton,1,25,NA,NA,Contemporary Sociological Theory and Practice; Sociology and Political Science; Social Sciences,NA
Robert K. Merton,4,https://openalex.org/A5040663565,ROBERT K. MERTON,2,18,NA,Information Today (United States),"Nursing Education, Practice, and Leadership; Issues, ethics and legal aspects; Nursing",NA
Robert K. Merton,5,https://openalex.org/A5098587161,Robert K. Merton,1,17,NA,NA,Social Sciences and Policies; General Social Sciences; Social Sciences,NA
Robert K. Merton,6,https://openalex.org/A5098092452,Robert K. Merton,1,3,NA,NA,"Global Public Health Policies and Epidemiology; Organizational Behavior and Human Resource Management; Business, Management and Accounting",NA
Robert K. Merton,7,https://openalex.org/A5104499075,Robert K. Merton,1,2,NA,NA,NA,NA
Robert K. Merton,8,https://openalex.org/A5124564693,Robert K. Merton,1,0,NA,NA,Contemporary Sociological Theory and Practice; Sociology and Political Science; Social Sciences,NA
Robert K. Merton,9,https://openalex.org/A5119411441,Robert K. Merton,1,0,NA,NA,History of Science and Medicine; History and Philosophy of Science; Arts and Humanities,NA
Robert K. Merton,10,https://openalex.org/A5115523326,Robert K. Merton,1,0,NA,NA,Corruption and Economic Development; Sociology and Political Science; Social Sciences,NA
Talcott Parsons,1,https://openalex.org/A5027748495,Talcott Parsons,344,63843,NA,NA,Contemporary Sociological Theory and Practice; Sociology and Political Science; Social Sciences,NA
Talcott Parsons,2,https://openalex.org/A5078937078,Paúl F. Lazarsfeld,314,22608,NA,Eurac Research,Media Studies and Communication; Communication; Social Sciences,NA
Talcott Parsons,3,https://openalex.org/A5069103793,Talcott Parsons,10,1554,NA,NA,Primary Care and Health Outcomes; General Health Professions; Health Professions,NA
Talcott Parsons,4,https://openalex.org/A5012968690,Talcott Parsons,9,772,NA,NA,"Management and Organizational Studies; Organizational Behavior and Human Resource Management; Business, Management and Accounting",NA
Talcott Parsons,5,https://openalex.org/A5097314715,Talcott Parsons,1,682,NA,NA,Contemporary Sociological Theory and Practice; Sociology and Political Science; Social Sciences,NA
Talcott Parsons,6,https://openalex.org/A5103481672,Talcott Parsons,3,667,NA,NA,Concrete Properties and Behavior; Civil and Structural Engineering; Engineering,NA
Talcott Parsons,7,https://openalex.org/A5090946009,Talcott Parsons,14,421,NA,NA,"Weber, Simmel, Sociological Theory; Sociology and Political Science; Social Sciences",NA
Talcott Parsons,8,https://openalex.org/A5086817411,Talcott Parsons,8,38,NA,Helios Dr. Horst Schmidt Kliniken Wiesbaden,Sociology and Education Studies; Sociology and Political Science; Social Sciences,NA
Talcott Parsons,9,https://openalex.org/A5018243215,TALCOTT PARSONS,4,9,NA,NA,Contemporary Sociological Theory and Practice; Sociology and Political Science; Social Sciences,NA
Talcott Parsons,10,https://openalex.org/A5098201116,Talcott Parsons,1,5,NA,NA,Complex Systems and Decision Making; Management Science and Operations Research; Decision Sciences,NA
Talcott Parsons,11,https://openalex.org/A5083036374,Talcott Parsons,2,1,NA,NA,Transportation Planning and Optimization; Transportation; Social Sciences,NA
Talcott Parsons,12,https://openalex.org/A5109901395,Ithiel De,3,1,NA,Brookings Institution,"Diverse Scientific and Economic Studies; Economics and Econometrics; Economics, Econometrics and Finance",NA
Talcott Parsons,13,https://openalex.org/A5094875774,Wende -Talcott Parsons,0,0,NA,NA,NA,NA
Talcott Parsons,14,https://openalex.org/A5067056863,teorico di Talcott Parsons,1,0,NA,NA,"Management, Economics, and Public Policy; Marketing; Business, Management and Accounting",NA
Talcott Parsons,15,https://openalex.org/A5119342346,Parsons Talcott,1,0,NA,NA,"Ethics and bioethics in healthcare; Public Health, Environmental and Occupational Health; Medicine",NA
W.E.B. Du Bois,1,https://openalex.org/A5113838910,W. E. B. Du Bois,236,11235,NA,NA,"Race, History, and American Society; Sociology and Political Science; Social Sciences",NA
W.E.B. Du Bois,2,https://openalex.org/A5057128881,W. E. B. DuBois,58,2058,NA,NA,"Race, History, and American Society; Sociology and Political Science; Social Sciences",NA
W.E.B. Du Bois,3,https://openalex.org/A5058785487,W.E.B. DU BOIS,1,10,NA,NA,"Literature: history, themes, analysis; Literature and Literary Theory; Arts and Humanities",NA
W.E.B. Du Bois,4,https://openalex.org/A5109257546,W. E. B. DuBois,20,129,NA,NA,"Race, History, and American Society; Sociology and Political Science; Social Sciences",NA
W.E.B. Du Bois,5,https://openalex.org/A5005169978,W.E.B. Du Bois,1,2,NA,NA,"Diverse academic and cultural studies; Economics and Econometrics; Economics, Econometrics and Finance",NA
W.E.B. Du Bois,6,https://openalex.org/A5091594628,W.E.B. Du Bois,1,1,NA,NA,"Race, History, and American Society; Sociology and Political Science; Social Sciences",NA
W.E.B. Du Bois,7,https://openalex.org/A5090906214,W.E.B. Du Bois,2,0,NA,NA,"Race, History, and American Society; Sociology and Political Science; Social Sciences",NA
W.E.B. Du Bois,8,https://openalex.org/A5070380491,W.E.B. Du Bois,1,0,NA,NA,Postcolonial and Cultural Literary Studies; Literature and Literary Theory; Arts and Humanities,NA
W.E.B. Du Bois,9,https://openalex.org/A5032990178,W.E.B. Du Bois,1,0,NA,NA,"Race, History, and American Society; Sociology and Political Science; Social Sciences",NA
W.E.B. Du Bois,10,https://openalex.org/A5081714983,W.E.B. Du Bois,1,0,NA,NA,"Race, History, and American Society; Sociology and Political Science; Social Sciences",NA
W.E.B. Du Bois,11,https://openalex.org/A5086950073,W.E.B. Du Bois,1,0,NA,NA,Reformation and Early Modern Christianity; History; Arts and Humanities,NA
W.E.B. Du Bois,12,https://openalex.org/A5099541703,Constance Cummings-John Martin Robinson Delany Cheikh Anta Diop Frederick Douglass W.E.B. Du Bois,1,0,NA,NA,Urban and Rural Development Challenges; Urban Studies; Social Sciences,NA
